<?xml version="1.0" encoding="UTF-8"?><?xml-stylesheet type='text/xsl' href='_UpgradeReport_Files/UpgradeReport.xslt'?><UpgradeLog>
<Properties><Property Name="Solution" Value="Call_List_Creation">
</Property><Property Name="Solution File" Value="C:\Shared Files\ArchipelagoSystems\HMM\IVR\Call_List_Creation.sln">
</Property><Property Name="Date" Value="Saturday, November 01, 2008">
</Property><Property Name="Time" Value="19:25 PM">
</Property><Property Name="Log Number" Value="2">
</Property></Properties><Event ErrorLevel="0" Project="" Source="Call_List_Creation.sln" Description="File successfully backed up as C:\Shared Files\ArchipelagoSystems\HMM\IVR\Backup1\Call_List_Creation.sln">
</Event><Event ErrorLevel="0" Project="Call_List_Creation" Source="Call_List_Creation\Call_List_Creation.vbproj" Description="Project file successfully backed up as C:\Shared Files\ArchipelagoSystems\HMM\IVR\Backup1\Call_List_Creation\Call_List_Creation.vbproj">
</Event><Event ErrorLevel="0" Project="Call_List_Creation" Source="Call_List_Creation\AssemblyInfo.vb" Description="File successfully backed up as C:\Shared Files\ArchipelagoSystems\HMM\IVR\Backup1\Call_List_Creation\AssemblyInfo.vb">
</Event><Event ErrorLevel="0" Project="Call_List_Creation" Source="Call_List_Creation\csvExample.vb" Description="File successfully backed up as C:\Shared Files\ArchipelagoSystems\HMM\IVR\Backup1\Call_List_Creation\csvExample.vb">
</Event><Event ErrorLevel="0" Project="Call_List_Creation" Source="Call_List_Creation\DataExport.vb" Description="File successfully backed up as C:\Shared Files\ArchipelagoSystems\HMM\IVR\Backup1\Call_List_Creation\DataExport.vb">
</Event><Event ErrorLevel="0" Project="Call_List_Creation" Source="Call_List_Creation\FileParse.vb" Description="File successfully backed up as C:\Shared Files\ArchipelagoSystems\HMM\IVR\Backup1\Call_List_Creation\FileParse.vb">
</Event><Event ErrorLevel="0" Project="Call_List_Creation" Source="Call_List_Creation\frmCallLogicHelp.vb" Description="File successfully backed up as C:\Shared Files\ArchipelagoSystems\HMM\IVR\Backup1\Call_List_Creation\frmCallLogicHelp.vb">
</Event><Event ErrorLevel="0" Project="Call_List_Creation" Source="Call_List_Creation\frmDefaultAreaCodeHelp.vb" Description="File successfully backed up as C:\Shared Files\ArchipelagoSystems\HMM\IVR\Backup1\Call_List_Creation\frmDefaultAreaCodeHelp.vb">
</Event><Event ErrorLevel="0" Project="Call_List_Creation" Source="Call_List_Creation\frmMeetingTypes.vb" Description="File successfully backed up as C:\Shared Files\ArchipelagoSystems\HMM\IVR\Backup1\Call_List_Creation\frmMeetingTypes.vb">
</Event><Event ErrorLevel="0" Project="Call_List_Creation" Source="Call_List_Creation\frmProviderListHelp.vb" Description="File successfully backed up as C:\Shared Files\ArchipelagoSystems\HMM\IVR\Backup1\Call_List_Creation\frmProviderListHelp.vb">
</Event><Event ErrorLevel="0" Project="Call_List_Creation" Source="Call_List_Creation\frmScheduledDateHelp.vb" Description="File successfully backed up as C:\Shared Files\ArchipelagoSystems\HMM\IVR\Backup1\Call_List_Creation\frmScheduledDateHelp.vb">
</Event><Event ErrorLevel="0" Project="Call_List_Creation" Source="Call_List_Creation\HMM_IVR_Console.vb" Description="File successfully backed up as C:\Shared Files\ArchipelagoSystems\HMM\IVR\Backup1\Call_List_Creation\HMM_IVR_Console.vb">
</Event><Event ErrorLevel="0" Project="Call_List_Creation" Source="Call_List_Creation\App.config" Description="File successfully backed up as C:\Shared Files\ArchipelagoSystems\HMM\IVR\Backup1\Call_List_Creation\App.config">
</Event><Event ErrorLevel="0" Project="Call_List_Creation" Source="Call_List_Creation\csvExample.resx" Description="File successfully backed up as C:\Shared Files\ArchipelagoSystems\HMM\IVR\Backup1\Call_List_Creation\csvExample.resx">
</Event><Event ErrorLevel="0" Project="Call_List_Creation" Source="Call_List_Creation\FileParse.resx" Description="File successfully backed up as C:\Shared Files\ArchipelagoSystems\HMM\IVR\Backup1\Call_List_Creation\FileParse.resx">
</Event><Event ErrorLevel="0" Project="Call_List_Creation" Source="Call_List_Creation\frmCallLogicHelp.resx" Description="File successfully backed up as C:\Shared Files\ArchipelagoSystems\HMM\IVR\Backup1\Call_List_Creation\frmCallLogicHelp.resx">
</Event><Event ErrorLevel="0" Project="Call_List_Creation" Source="Call_List_Creation\frmDefaultAreaCodeHelp.resx" Description="File successfully backed up as C:\Shared Files\ArchipelagoSystems\HMM\IVR\Backup1\Call_List_Creation\frmDefaultAreaCodeHelp.resx">
</Event><Event ErrorLevel="0" Project="Call_List_Creation" Source="Call_List_Creation\frmMeetingTypes.resx" Description="File successfully backed up as C:\Shared Files\ArchipelagoSystems\HMM\IVR\Backup1\Call_List_Creation\frmMeetingTypes.resx">
</Event><Event ErrorLevel="0" Project="Call_List_Creation" Source="Call_List_Creation\frmProviderListHelp.resx" Description="File successfully backed up as C:\Shared Files\ArchipelagoSystems\HMM\IVR\Backup1\Call_List_Creation\frmProviderListHelp.resx">
</Event><Event ErrorLevel="0" Project="Call_List_Creation" Source="Call_List_Creation\frmScheduledDateHelp.resx" Description="File successfully backed up as C:\Shared Files\ArchipelagoSystems\HMM\IVR\Backup1\Call_List_Creation\frmScheduledDateHelp.resx">
</Event><Event ErrorLevel="0" Project="Call_List_Creation" Source="Call_List_Creation\HMM_IVR_Console.resx" Description="File successfully backed up as C:\Shared Files\ArchipelagoSystems\HMM\IVR\Backup1\Call_List_Creation\HMM_IVR_Console.resx">
</Event><Event ErrorLevel="0" Project="Call_List_Creation" Source="Call_List_Creation\Call_List_Creation.vbproj" Description="Project converted successfully">
</Event><Event ErrorLevel="3" Project="Call_List_Creation" Source="Call_List_Creation\Call_List_Creation.vbproj" Description="Converted">
</Event><Event ErrorLevel="0" Project="Call_List_Creation_Setup.vdproj" Source="Call_List_Creation_Setup\Call_List_Creation_Setup.vdproj" Description="Project file successfully backed up as C:\Shared Files\ArchipelagoSystems\HMM\IVR\Backup1\Call_List_Creation_Setup\Call_List_Creation_Setup.vdproj">
</Event><Event ErrorLevel="0" Project="" Source="Call_List_Creation.sln" Description="Solution converted successfully">
</Event><Event ErrorLevel="3" Project="" Source="Call_List_Creation.sln" Description="Converted">
</Event><Event ErrorLevel="0" Project="Call_List_Creation" Source="Call_List_Creation\Call_List_Creation.vbproj" Description="Scan complete: Upgrade not required for project files.">
</Event><Event ErrorLevel="0" Project="Call_List_Creation_Setup.vdproj" Source="Call_List_Creation_Setup\Call_List_Creation_Setup.vdproj" Description="Project converted successfully">
</Event><Event ErrorLevel="3" Project="Call_List_Creation_Setup.vdproj" Source="Call_List_Creation_Setup\Call_List_Creation_Setup.vdproj" Description="Converted">
</Event></UpgradeLog>